pUserName,pPassword
perftest200525_011,password
perftest200525_012,password
perftest200525_013,password
perftest200525_014,password
perftest200525_015,password
perftest200525_016,password
perftest200525_017,password
perftest200525_018,password
perftest200525_019,password
perftest200525_020,password
perftest200525_021,password
perftest200525_022,password
perftest200525_023,password
perftest200525_024,password
perftest200525_025,password
perftest200525_026,password
perftest200525_027,password
perftest200525_028,password
perftest200525_029,password
perftest200525_030,password
perftest200525_031,password
perftest200525_032,password
perftest200525_033,password
perftest200525_034,password
perftest200525_035,password
perftest200525_036,password
perftest200525_037,password
perftest200525_038,password
perftest200525_039,password
perftest200525_040,password
perftest200525_041,password
perftest200525_042,password
perftest200525_043,password
perftest200525_044,password
perftest200525_045,password
perftest200525_046,password
perftest200525_047,password
perftest200525_048,password
perftest200525_049,password
perftest200525_050,password
perftest200525_051,password
perftest200525_052,password
perftest200525_053,password
perftest200525_054,password
perftest200525_055,password
perftest200525_056,password
perftest200525_057,password
perftest200525_058,password
perftest200525_059,password
perftest200525_060,password
perftest200525_061,password
perftest200525_062,password
perftest200525_063,password
perftest200525_064,password
perftest200525_065,password
perftest200525_066,password
perftest200525_067,password
perftest200525_068,password
perftest200525_069,password
perftest200525_070,password
perftest200525_071,password
perftest200525_072,password
perftest200525_073,password
perftest200525_074,password
perftest200525_075,password
perftest200525_076,password
perftest200525_077,password
perftest200525_078,password
perftest200525_079,password
perftest200525_080,password
perftest200525_081,password
perftest200525_082,password
perftest200525_083,password
perftest200525_084,password
perftest200525_085,password
perftest200525_086,password
perftest200525_087,password
perftest200525_088,password
perftest200525_089,password
perftest200525_090,password
perftest200525_091,password
perftest200525_092,password
perftest200525_093,password
perftest200525_094,password
perftest200525_095,password
perftest200525_096,password
perftest200525_097,password
perftest200525_098,password
perftest200525_099,password
perftest200525_100,password
perftest200525_101,password
perftest200525_102,password
perftest200525_103,password
perftest200525_104,password
perftest200525_105,password
perftest200525_106,password
perftest200525_107,password
perftest200525_108,password
perftest200525_109,password
perftest200525_110,password
perftest200525_111,password
perftest200525_112,password
perftest200525_113,password
perftest200525_114,password
perftest200525_115,password
perftest200525_116,password
perftest200525_117,password
perftest200525_118,password
perftest200525_119,password
perftest200525_120,password
perftest200525_121,password
perftest200525_122,password
perftest200525_123,password
perftest200525_124,password
perftest200525_125,password
perftest200525_126,password
perftest200525_127,password
perftest200525_128,password
perftest200525_129,password
perftest200525_130,password
perftest200525_131,password
perftest200525_132,password
perftest200525_133,password
perftest200525_134,password
perftest200525_135,password
perftest200525_136,password
perftest200525_137,password
perftest200525_138,password
perftest200525_139,password
perftest200525_140,password
perftest200525_141,password
perftest200525_142,password
perftest200525_143,password
perftest200525_144,password
perftest200525_145,password
perftest200525_146,password
perftest200525_147,password
perftest200525_148,password
perftest200525_149,password
perftest200525_150,password
perftest200525_151,password
perftest200525_152,password
perftest200525_153,password
perftest200525_154,password
perftest200525_155,password
perftest200525_156,password
perftest200525_157,password
perftest200525_158,password
perftest200525_159,password
perftest200525_160,password
perftest200525_161,password
perftest200525_162,password
perftest200525_163,password
perftest200525_164,password
perftest200525_165,password
perftest200525_166,password
perftest200525_167,password
perftest200525_168,password
perftest200525_169,password
perftest200525_170,password
perftest200525_171,password
perftest200525_172,password
perftest200525_173,password
perftest200525_174,password
perftest200525_175,password
perftest200525_176,password
perftest200525_177,password
perftest200525_178,password
perftest200525_179,password
perftest200525_180,password
perftest200525_181,password
perftest200525_182,password
perftest200525_183,password
perftest200525_184,password
perftest200525_185,password
perftest200525_186,password
perftest200525_187,password
perftest200525_188,password
perftest200525_189,password
perftest200525_190,password
perftest200525_191,password
perftest200525_192,password
perftest200525_193,password
perftest200525_194,password
perftest200525_195,password
perftest200525_196,password
perftest200525_197,password
perftest200525_198,password
perftest200525_199,password
perftest200525_200,password
perftest200525_201,password
perftest200525_202,password
perftest200525_203,password
perftest200525_204,password
perftest200525_205,password
perftest200525_206,password
perftest200525_207,password
perftest200525_208,password
perftest200525_209,password
perftest200525_210,password
perftest200525_211,password
perftest200525_212,password
perftest200525_213,password
perftest200525_214,password
perftest200525_215,password
perftest200525_216,password
perftest200525_217,password
perftest200525_218,password
perftest200525_219,password
perftest200525_220,password
perftest200525_221,password
perftest200525_222,password
perftest200525_223,password
perftest200525_224,password
perftest200525_225,password
perftest200525_226,password
perftest200525_227,password
perftest200525_228,password
perftest200525_229,password
perftest200525_230,password
perftest200525_231,password
perftest200525_232,password
perftest200525_233,password
perftest200525_234,password
perftest200525_235,password
perftest200525_236,password
perftest200525_237,password
perftest200525_238,password
perftest200525_239,password
perftest200525_240,password
perftest200525_241,password
